<annotation>
	<folder>train</folder>
	<filename>22310666_2073768672842803_6472909722260095211_n.jpg</filename>
	<path>C:\Users\Nijat\Desktop\Tensorflow\models\research\object_detection\images\train\22310666_2073768672842803_6472909722260095211_n.jpg</path>
	<source>
		<database>Unknown</database>
	</source>
	<size>
		<width>800</width>
		<height>600</height>
		<depth>3</depth>
	</size>
	<segmented>0</segmented>
	<object>
		<name>Nicat</name>
		<pose>Unspecified</pose>
		<truncated>0</truncated>
		<difficult>0</difficult>
		<bndbox>
			<xmin>184</xmin>
			<ymin>205</ymin>
			<xmax>478</xmax>
			<ymax>419</ymax>
		</bndbox>
	</object>
</annotation>
