<annotation>
	<folder>train</folder>
	<filename>36465309_1.jpg</filename>
	<path>C:\Users\Nijat\Desktop\Tensorflow\models\research\object_detection\images\train\36465309_1.jpg</path>
	<source>
		<database>Unknown</database>
	</source>
	<size>
		<width>800</width>
		<height>600</height>
		<depth>3</depth>
	</size>
	<segmented>0</segmented>
	<object>
		<name>Qelem</name>
		<pose>Unspecified</pose>
		<truncated>0</truncated>
		<difficult>0</difficult>
		<bndbox>
			<xmin>40</xmin>
			<ymin>8</ymin>
			<xmax>770</xmax>
			<ymax>584</ymax>
		</bndbox>
	</object>
</annotation>
