<annotation>
	<folder>train</folder>
	<filename>42313700_280672415919449_639674201225035776_n.jpg</filename>
	<path>C:\Users\Nijat\Desktop\Tensorflow\models\research\object_detection\images\train\42313700_280672415919449_639674201225035776_n.jpg</path>
	<source>
		<database>Unknown</database>
	</source>
	<size>
		<width>800</width>
		<height>600</height>
		<depth>3</depth>
	</size>
	<segmented>0</segmented>
	<object>
		<name>Gunebaxan tumu</name>
		<pose>Unspecified</pose>
		<truncated>1</truncated>
		<difficult>0</difficult>
		<bndbox>
			<xmin>1</xmin>
			<ymin>43</ymin>
			<xmax>381</xmax>
			<ymax>596</ymax>
		</bndbox>
	</object>
	<object>
		<name>Gunebaxan tumu</name>
		<pose>Unspecified</pose>
		<truncated>0</truncated>
		<difficult>0</difficult>
		<bndbox>
			<xmin>326</xmin>
			<ymin>3</ymin>
			<xmax>742</xmax>
			<ymax>581</ymax>
		</bndbox>
	</object>
</annotation>
