<annotation>
	<folder>train</folder>
	<filename>91CT7kLYj4L._SY355_.jpg</filename>
	<path>C:\Users\Nijat\Desktop\Tensorflow\models\research\object_detection\images\train\91CT7kLYj4L._SY355_.jpg</path>
	<source>
		<database>Unknown</database>
	</source>
	<size>
		<width>800</width>
		<height>600</height>
		<depth>3</depth>
	</size>
	<segmented>0</segmented>
	<object>
		<name>Lays</name>
		<pose>Unspecified</pose>
		<truncated>0</truncated>
		<difficult>0</difficult>
		<bndbox>
			<xmin>44</xmin>
			<ymin>25</ymin>
			<xmax>438</xmax>
			<ymax>249</ymax>
		</bndbox>
	</object>
	<object>
		<name>Lays</name>
		<pose>Unspecified</pose>
		<truncated>0</truncated>
		<difficult>0</difficult>
		<bndbox>
			<xmin>44</xmin>
			<ymin>251</ymin>
			<xmax>402</xmax>
			<ymax>549</ymax>
		</bndbox>
	</object>
	<object>
		<name>Lays</name>
		<pose>Unspecified</pose>
		<truncated>0</truncated>
		<difficult>0</difficult>
		<bndbox>
			<xmin>400</xmin>
			<ymin>249</ymin>
			<xmax>716</xmax>
			<ymax>558</ymax>
		</bndbox>
	</object>
	<object>
		<name>Lays</name>
		<pose>Unspecified</pose>
		<truncated>0</truncated>
		<difficult>0</difficult>
		<bndbox>
			<xmin>428</xmin>
			<ymin>22</ymin>
			<xmax>735</xmax>
			<ymax>254</ymax>
		</bndbox>
	</object>
</annotation>
