<annotation>
	<folder>train</folder>
	<filename>Cat.jpg</filename>
	<path>C:\Users\Nijat\Desktop\Tensorflow\models\research\object_detection\images\train\Cat.jpg</path>
	<source>
		<database>Unknown</database>
	</source>
	<size>
		<width>968</width>
		<height>681</height>
		<depth>3</depth>
	</size>
	<segmented>0</segmented>
	<object>
		<name>Pishik</name>
		<pose>Unspecified</pose>
		<truncated>0</truncated>
		<difficult>0</difficult>
		<bndbox>
			<xmin>366</xmin>
			<ymin>46</ymin>
			<xmax>845</xmax>
			<ymax>448</ymax>
		</bndbox>
	</object>
</annotation>
