<annotation>
	<folder>train</folder>
	<filename>GUEST_6749dd66-2896-4893-b7ae-0d146f451495.jpg</filename>
	<path>C:\Users\Nijat\Desktop\Tensorflow\models\research\object_detection\images\train\GUEST_6749dd66-2896-4893-b7ae-0d146f451495.jpg</path>
	<source>
		<database>Unknown</database>
	</source>
	<size>
		<width>800</width>
		<height>600</height>
		<depth>3</depth>
	</size>
	<segmented>0</segmented>
	<object>
		<name>Lays</name>
		<pose>Unspecified</pose>
		<truncated>1</truncated>
		<difficult>0</difficult>
		<bndbox>
			<xmin>93</xmin>
			<ymin>1</ymin>
			<xmax>691</xmax>
			<ymax>600</ymax>
		</bndbox>
	</object>
</annotation>
