<annotation>
	<folder>train</folder>
	<filename>GUEST_3fdbe3dd-7c1d-4d26-81af-24c094667de7.jpg</filename>
	<path>C:\Users\Nijat\Desktop\Tensorflow\models\research\object_detection\images\train\GUEST_3fdbe3dd-7c1d-4d26-81af-24c094667de7.jpg</path>
	<source>
		<database>Unknown</database>
	</source>
	<size>
		<width>800</width>
		<height>600</height>
		<depth>3</depth>
	</size>
	<segmented>0</segmented>
	<object>
		<name>Lays</name>
		<pose>Unspecified</pose>
		<truncated>0</truncated>
		<difficult>0</difficult>
		<bndbox>
			<xmin>71</xmin>
			<ymin>16</ymin>
			<xmax>726</xmax>
			<ymax>587</ymax>
		</bndbox>
	</object>
</annotation>
