<annotation>
	<folder>train</folder>
	<filename>IMG_7724.JPG</filename>
	<path>C:\Users\Nijat\Desktop\Tensorflow\models\research\object_detection\images\train\IMG_7724.JPG</path>
	<source>
		<database>Unknown</database>
	</source>
	<size>
		<width>800</width>
		<height>600</height>
		<depth>3</depth>
	</size>
	<segmented>0</segmented>
	<object>
		<name>Qara canta</name>
		<pose>Unspecified</pose>
		<truncated>0</truncated>
		<difficult>0</difficult>
		<bndbox>
			<xmin>300</xmin>
			<ymin>34</ymin>
			<xmax>752</xmax>
			<ymax>566</ymax>
		</bndbox>
	</object>
	<object>
		<name>Stul</name>
		<pose>Unspecified</pose>
		<truncated>1</truncated>
		<difficult>0</difficult>
		<bndbox>
			<xmin>59</xmin>
			<ymin>227</ymin>
			<xmax>291</xmax>
			<ymax>600</ymax>
		</bndbox>
	</object>
</annotation>
