<annotation>
	<folder>train</folder>
	<filename>IMG_7761.JPG</filename>
	<path>C:\Users\Nijat\Desktop\Tensorflow\models\research\object_detection\images\train\IMG_7761.JPG</path>
	<source>
		<database>Unknown</database>
	</source>
	<size>
		<width>800</width>
		<height>600</height>
		<depth>3</depth>
	</size>
	<segmented>0</segmented>
	<object>
		<name>Stol</name>
		<pose>Unspecified</pose>
		<truncated>0</truncated>
		<difficult>0</difficult>
		<bndbox>
			<xmin>317</xmin>
			<ymin>42</ymin>
			<xmax>656</xmax>
			<ymax>507</ymax>
		</bndbox>
	</object>
	<object>
		<name>Stul</name>
		<pose>Unspecified</pose>
		<truncated>0</truncated>
		<difficult>0</difficult>
		<bndbox>
			<xmin>114</xmin>
			<ymin>52</ymin>
			<xmax>293</xmax>
			<ymax>304</ymax>
		</bndbox>
	</object>
	<object>
		<name>Stul</name>
		<pose>Unspecified</pose>
		<truncated>0</truncated>
		<difficult>0</difficult>
		<bndbox>
			<xmin>33</xmin>
			<ymin>308</ymin>
			<xmax>210</xmax>
			<ymax>520</ymax>
		</bndbox>
	</object>
</annotation>
