<annotation>
	<folder>train</folder>
	<filename>IMG_7754.JPG</filename>
	<path>C:\Users\Nijat\Desktop\Tensorflow\models\research\object_detection\images\train\IMG_7754.JPG</path>
	<source>
		<database>Unknown</database>
	</source>
	<size>
		<width>800</width>
		<height>600</height>
		<depth>3</depth>
	</size>
	<segmented>0</segmented>
	<object>
		<name>Achar</name>
		<pose>Unspecified</pose>
		<truncated>0</truncated>
		<difficult>0</difficult>
		<bndbox>
			<xmin>219</xmin>
			<ymin>233</ymin>
			<xmax>539</xmax>
			<ymax>503</ymax>
		</bndbox>
	</object>
	<object>
		<name>Achar</name>
		<pose>Unspecified</pose>
		<truncated>0</truncated>
		<difficult>0</difficult>
		<bndbox>
			<xmin>395</xmin>
			<ymin>116</ymin>
			<xmax>714</xmax>
			<ymax>263</ymax>
		</bndbox>
	</object>
</annotation>
