<annotation>
	<folder>train</folder>
	<filename>IMG_7721.JPG</filename>
	<path>C:\Users\Nijat\Desktop\Tensorflow\models\research\object_detection\images\train\IMG_7721.JPG</path>
	<source>
		<database>Unknown</database>
	</source>
	<size>
		<width>800</width>
		<height>600</height>
		<depth>3</depth>
	</size>
	<segmented>0</segmented>
	<object>
		<name>Qara canta</name>
		<pose>Unspecified</pose>
		<truncated>0</truncated>
		<difficult>0</difficult>
		<bndbox>
			<xmin>186</xmin>
			<ymin>45</ymin>
			<xmax>703</xmax>
			<ymax>541</ymax>
		</bndbox>
	</object>
	<object>
		<name>Stul</name>
		<pose>Unspecified</pose>
		<truncated>0</truncated>
		<difficult>0</difficult>
		<bndbox>
			<xmin>64</xmin>
			<ymin>5</ymin>
			<xmax>326</xmax>
			<ymax>221</ymax>
		</bndbox>
	</object>
</annotation>
