<annotation>
	<folder>train</folder>
	<filename>IMG_7760.JPG</filename>
	<path>C:\Users\Nijat\Desktop\Tensorflow\models\research\object_detection\images\train\IMG_7760.JPG</path>
	<source>
		<database>Unknown</database>
	</source>
	<size>
		<width>800</width>
		<height>600</height>
		<depth>3</depth>
	</size>
	<segmented>0</segmented>
	<object>
		<name>Stol</name>
		<pose>Unspecified</pose>
		<truncated>0</truncated>
		<difficult>0</difficult>
		<bndbox>
			<xmin>280</xmin>
			<ymin>30</ymin>
			<xmax>687</xmax>
			<ymax>504</ymax>
		</bndbox>
	</object>
	<object>
		<name>Stul</name>
		<pose>Unspecified</pose>
		<truncated>0</truncated>
		<difficult>0</difficult>
		<bndbox>
			<xmin>95</xmin>
			<ymin>111</ymin>
			<xmax>250</xmax>
			<ymax>461</ymax>
		</bndbox>
	</object>
	<object>
		<name>Stul</name>
		<pose>Unspecified</pose>
		<truncated>1</truncated>
		<difficult>0</difficult>
		<bndbox>
			<xmin>48</xmin>
			<ymin>472</ymin>
			<xmax>239</xmax>
			<ymax>600</ymax>
		</bndbox>
	</object>
</annotation>
