<annotation>
	<folder>train</folder>
	<filename>IMG_7710.JPG</filename>
	<path>C:\Users\Nijat\Desktop\Tensorflow\models\research\object_detection\images\train\IMG_7710.JPG</path>
	<source>
		<database>Unknown</database>
	</source>
	<size>
		<width>800</width>
		<height>600</height>
		<depth>3</depth>
	</size>
	<segmented>0</segmented>
	<object>
		<name>Lovhe</name>
		<pose>Unspecified</pose>
		<truncated>0</truncated>
		<difficult>0</difficult>
		<bndbox>
			<xmin>53</xmin>
			<ymin>192</ymin>
			<xmax>613</xmax>
			<ymax>515</ymax>
		</bndbox>
	</object>
	<object>
		<name>Lovhe</name>
		<pose>Unspecified</pose>
		<truncated>0</truncated>
		<difficult>0</difficult>
		<bndbox>
			<xmin>155</xmin>
			<ymin>121</ymin>
			<xmax>529</xmax>
			<ymax>227</ymax>
		</bndbox>
	</object>
	<object>
		<name>Projektor</name>
		<pose>Unspecified</pose>
		<truncated>0</truncated>
		<difficult>0</difficult>
		<bndbox>
			<xmin>95</xmin>
			<ymin>9</ymin>
			<xmax>243</xmax>
			<ymax>115</ymax>
		</bndbox>
	</object>
</annotation>
