<annotation>
	<folder>train</folder>
	<filename>IMG_7762.JPG</filename>
	<path>C:\Users\Nijat\Desktop\Tensorflow\models\research\object_detection\images\train\IMG_7762.JPG</path>
	<source>
		<database>Unknown</database>
	</source>
	<size>
		<width>800</width>
		<height>600</height>
		<depth>3</depth>
	</size>
	<segmented>0</segmented>
	<object>
		<name>Stol</name>
		<pose>Unspecified</pose>
		<truncated>0</truncated>
		<difficult>0</difficult>
		<bndbox>
			<xmin>331</xmin>
			<ymin>14</ymin>
			<xmax>735</xmax>
			<ymax>549</ymax>
		</bndbox>
	</object>
	<object>
		<name>Stul</name>
		<pose>Unspecified</pose>
		<truncated>0</truncated>
		<difficult>0</difficult>
		<bndbox>
			<xmin>48</xmin>
			<ymin>11</ymin>
			<xmax>309</xmax>
			<ymax>248</ymax>
		</bndbox>
	</object>
	<object>
		<name>Stul</name>
		<pose>Unspecified</pose>
		<truncated>1</truncated>
		<difficult>0</difficult>
		<bndbox>
			<xmin>1</xmin>
			<ymin>241</ymin>
			<xmax>152</xmax>
			<ymax>401</ymax>
		</bndbox>
	</object>
</annotation>
