<annotation>
	<folder>train</folder>
	<filename>IMG_7696.JPG</filename>
	<path>C:\Users\Nijat\Desktop\Tensorflow\models\research\object_detection\images\train\IMG_7696.JPG</path>
	<source>
		<database>Unknown</database>
	</source>
	<size>
		<width>800</width>
		<height>600</height>
		<depth>3</depth>
	</size>
	<segmented>0</segmented>
	<object>
		<name>Ekran</name>
		<pose>Unspecified</pose>
		<truncated>0</truncated>
		<difficult>0</difficult>
		<bndbox>
			<xmin>155</xmin>
			<ymin>183</ymin>
			<xmax>421</xmax>
			<ymax>547</ymax>
		</bndbox>
	</object>
	<object>
		<name>Klavyatura</name>
		<pose>Unspecified</pose>
		<truncated>0</truncated>
		<difficult>0</difficult>
		<bndbox>
			<xmin>368</xmin>
			<ymin>132</ymin>
			<xmax>628</xmax>
			<ymax>328</ymax>
		</bndbox>
	</object>
</annotation>
