<annotation>
	<folder>train</folder>
	<filename>WhatsApp Image 2019-05-01 at 12.33.34 PM (1).jpeg</filename>
	<path>C:\Users\Nijat\Desktop\Tensorflow\models\research\object_detection\images\train\WhatsApp Image 2019-05-01 at 12.33.34 PM (1).jpeg</path>
	<source>
		<database>Unknown</database>
	</source>
	<size>
		<width>1280</width>
		<height>960</height>
		<depth>3</depth>
	</size>
	<segmented>0</segmented>
	<object>
		<name>Alakbarova</name>
		<pose>Unspecified</pose>
		<truncated>0</truncated>
		<difficult>0</difficult>
		<bndbox>
			<xmin>822</xmin>
			<ymin>310</ymin>
			<xmax>1112</xmax>
			<ymax>606</ymax>
		</bndbox>
	</object>
</annotation>
